{
  "dataset": "California Housing",
  "feature_names": [
    "MedInc",
    "HouseAge",
    "AveRooms",
    "AveBedrms",
    "Population",
    "AveOccup",
    "Latitude",
    "Longitude"
  ],
  "scaler_mean": [
    3.876891549623026,
    28.575373754152825,
    5.4381246314830625,
    1.0980331367407725,
    1427.9273255813953,
    3.1192364999952242,
    35.65066929777067,
    -119.5841023011065
  ],
  "scaler_scale": [
    1.9048424800229922,
    12.613197085754523,
    2.453484364606501,
    0.4474824952317974,
    1140.1857294429788,
    12.373207686514291,
    2.135668256681708,
    2.0028609025529227
  ],
  "test_R2": 0.8116419911384583
}